build_date,analysis_start_date,analysis_end_date,execution_date,execution_price_status,method,lookback_years,invest_ratio,cash_reserve,symbol,name,execution_price,max_drawdown,annual_volatility,drawdown_days,risk_score,price_factor_score,industry_ai_score,macro_external_score,composite_score,trend_strength_score,target_weight,target_value,shares,market_value,buy_commission,buy_tax,total_buy_cost,future_sell_tax_estimate,current_price,current_market_value,unrealized_pnl,unrealized_pnl_pct,remaining_cash
2026-06-03,2025-05-12,2026-06-02,2026-06-03,ready,multi-factor-shrink,1,0.7500,125000.00,0050,元大台灣50,107.6000,0.75276968,0.78686085,232,-1.32174902,-1.82146207,-0.45342974,-0.77009560,-1.32174902,-0.19798965,0.00000000,0.00,36,3873.60,5.44,0.00,3879.04,3.93,116.0500,4177.80,298.76,0.077019,413112.17
2026-06-03,2025-05-12,2026-06-02,2026-06-03,ready,multi-factor-shrink,1,0.7500,125000.00,0056,元大高股息,52.9108,0.07973510,0.17079741,56,-0.20199785,0.03470979,-0.75603941,-0.22542582,-0.20199785,-0.11242205,0.07170639,26889.90,98,5185.26,7.04,0.00,5192.29,7.51,58.4500,5728.10,535.81,0.103193,413112.17
2026-06-03,2025-05-12,2026-06-02,2026-06-03,ready,multi-factor-shrink,1,0.7500,125000.00,00878,國泰永續高股息,33.2500,0.09375000,0.16854130,51,-0.19484950,0.05701178,-0.75195834,-0.27377988,-0.19484950,0.06818343,0.07703384,28887.69,492,16359.00,23.25,0.00,16382.25,16.50,35.2200,17328.24,945.99,0.057745,413112.17
2026-06-03,2025-05-12,2026-06-02,2026-06-03,ready,multi-factor-shrink,1,0.7500,125000.00,006208,富邦台50,249.2000,0.10585106,0.23699975,42,-0.00895039,0.34354304,-0.62143744,-0.39811235,-0.00895039,-0.20802103,0.06456955,24213.58,2,498.40,0.71,0.00,499.11,0.49,265.6000,531.20,32.09,0.064294,413112.17
2026-06-03,2025-05-12,2026-06-02,2026-06-03,ready,multi-factor-shrink,1,0.7500,125000.00,00713,元大台灣高息低波,59.7500,0.06203704,0.09992715,176,-0.39315988,-0.15048405,-1.19135591,-0.03353644,-0.39315988,-0.81738492,0.08455431,31707.87,324,19359.00,27.93,0.00,19386.93,19.15,63.2500,20493.00,1106.07,0.057052,413112.17
2026-06-03,2025-05-12,2026-06-02,2026-06-03,ready,multi-factor-shrink,1,0.7500,125000.00,00881,國泰台灣5G+,,0.09736361,0.26783416,39,0.39010413,0.41533598,0.97430192,-0.68448624,0.39010413,0.02474640,0.07822805,29335.52,,,,,,,,,,,413112.17
2026-06-03,2025-05-12,2026-06-02,2026-06-03,ready,multi-factor-shrink,1,0.7500,125000.00,00919,群益台灣精選高息,30.4392,0.10487805,0.15516915,151,-0.23793668,-0.05442733,-0.73282226,-0.14716476,-0.23793668,-0.20435800,0.07295129,27356.73,444,13515.02,19.15,0.00,13534.17,16.75,31.9400,14181.36,647.19,0.047819,413112.17
2026-06-03,2025-05-12,2026-06-02,2026-06-03,ready,multi-factor-shrink,1,0.7500,125000.00,2330,台積電,2422.0000,0.12655087,0.29553640,37,0.83150210,0.70329566,1.42111097,0.36164643,0.83150210,-0.51171871,0.08770891,32890.84,7,16954.00,23.80,0.00,16977.80,51.10,2585.0000,18095.00,1117.20,0.065804,413112.17
2026-06-03,2025-05-12,2026-06-02,2026-06-03,ready,multi-factor-shrink,1,0.7500,125000.00,2317,鴻海,,0.28435115,0.35697376,135,0.13459166,-0.05503092,0.73169205,-0.10208534,0.13459166,0.21148995,0.05039119,18896.69,,,,,,,,,,,413112.17
2026-06-03,2025-05-12,2026-06-02,2026-06-03,ready,multi-factor-shrink,1,0.7500,125000.00,2454,聯發科,,0.25407166,0.51109525,86,0.81505725,0.65942218,1.64960086,0.04669152,0.81505725,2.55785412,0.05853898,21952.12,,,,,,,,,,,413112.17
2026-06-03,2025-05-12,2026-06-02,2026-06-03,ready,multi-factor-shrink,1,0.7500,125000.00,2303,聯電,,0.29658793,0.47528171,132,0.48891196,0.29904981,1.27168440,-0.05626017,0.48891196,2.14994262,0.05513288,20674.83,,,,,,,,,,,413112.17
2026-06-03,2025-05-12,2026-06-02,2026-06-03,ready,multi-factor-shrink,1,0.7500,125000.00,2881,富邦金,114.0000,0.12423625,0.21874381,93,0.07851962,0.04332224,-0.13965021,0.58292555,0.07851962,-0.27876806,0.06822028,25582.60,7,798.00,1.15,0.00,799.15,2.39,155.5000,1088.50,289.35,0.362072,413112.17
2026-06-03,2025-05-12,2026-06-02,2026-06-03,ready,multi-factor-shrink,1,0.7500,125000.00,2882,國泰金,91.5000,0.12170640,0.25425880,108,0.02641159,0.03629101,-0.17944791,0.32999309,0.02641159,-0.49142864,0.05961708,22356.40,40,3660.00,5.25,0.00,3665.25,10.99,113.0000,4520.00,854.75,0.233204,413112.17
2026-06-03,2025-05-12,2026-06-02,2026-06-03,ready,multi-factor-shrink,1,0.7500,125000.00,2412,中華電,,0.06569343,0.12393957,124,0.00422454,-0.05327754,-0.64553919,1.31717238,0.00422454,-1.07565281,0.14292047,53595.18,,,,,,,,,,,413112.17
2026-06-03,2025-05-12,2026-06-02,2026-06-03,ready,multi-factor-shrink,1,0.7500,125000.00,1301,台塑,52.5000,0.17889908,0.42287857,70,-0.41067954,-0.45729956,-0.57670978,0.05251763,-0.41067954,-1.11447265,0.02842680,10660.05,125,6562.50,9.34,0.00,6571.84,19.57,75.4000,9425.00,2853.16,0.434149,413112.17
